<?xml version="1.0" encoding="UTF-8"?>
<!--
  ~ The MIT License (MIT)
  ~
  ~ Copyright (c) 2014 abel533@gmail.com
  ~
  ~ Permission is hereby granted, free of charge, to any person obtaining a copy
  ~ of this software and associated documentation files (the "Software"), to deal
  ~ in the Software without restriction, including without limitation the rights
  ~ to use, copy, modify, merge, publish, distribute, sublicense, and/or sell
  ~ copies of the Software, and to permit persons to whom the Software is
  ~ furnished to do so, subject to the following conditions:
  ~
  ~ The above copyright notice and this permission notice shall be included in
  ~ all copies or substantial portions of the Software.
  ~
  ~ THE SOFTWARE IS PROVIDED "AS IS", WITHOUT WARRANTY OF ANY KIND, EXPRESS OR
  ~ IMPLIED, INCLUDING BUT NOT LIMITED TO THE WARRANTIES OF MERCHANTABILITY,
  ~ FITNESS FOR A PARTICULAR PURPOSE AND NONINFRINGEMENT. IN NO EVENT SHALL THE
  ~ AUTHORS OR COPYRIGHT HOLDERS BE LIABLE FOR ANY CLAIM, DAMAGES OR OTHER
  ~ LIABILITY, WHETHER IN AN ACTION OF CONTRACT, TORT OR OTHERWISE, ARISING FROM,
  ~ OUT OF OR IN CONNECTION WITH THE SOFTWARE OR THE USE OR OTHER DEALINGS IN
  ~ THE SOFTWARE.
  -->

<beans xmlns:xsi="http://www.w3.org/2001/XMLSchema-instance"
       xmlns:tx="http://www.springframework.org/schema/tx"
       xmlns:aop="http://www.springframework.org/schema/aop"
       xmlns:context="http://www.springframework.org/schema/context"
       xmlns="http://www.springframework.org/schema/beans"
       xmlns:p="http://www.springframework.org/schema/p"
       xsi:schemaLocation="http://www.springframework.org/schema/beans
       http://www.springframework.org/schema/beans/spring-beans.xsd
       http://www.springframework.org/schema/tx
       http://www.springframework.org/schema/tx/spring-tx.xsd
       http://www.springframework.org/schema/aop
       http://www.springframework.org/schema/aop/spring-aop.xsd
       http://www.springframework.org/schema/context
       http://www.springframework.org/schema/context/spring-context.xsd"
       default-autowire="byName" default-lazy-init="true">

    <!-- 采用注释的方式配置bean -->
    <context:annotation-config/>
    <context:component-scan base-package="com.zyx.*"/>

    <context:property-placeholder location="classpath:config.properties,classpath:redis.properties"/>

    <!-- 基于Druid数据库链接池的数据源配置 -->
    <bean id="dataSource" class="com.alibaba.druid.pool.DruidDataSource" init-method="init" destroy-method="close">
        <!-- 基本属性driverClassName、 url、user、password -->
        <property name="driverClassName" value="com.mysql.jdbc.Driver"/>
        <!--211.157.152.200:  192.168.1.200:-->
        <property name="url"
                  value="jdbc:mysql://119.61.66.55:3306/zyx?characterEncoding=UTF-8&amp;autoReconnect=true&amp;zeroDateTimeBehavior=convertToNull&amp;transformedBitIsBoolean=true&amp;useUnicode=true"/>
        <property name="username" value="tiyujia"/>
        <property name="password" value="tiyujia_2016"/>
        <!-- 配置初始化大小、最小、最大 -->
        <!-- 通常来说，只需要修改initialSize、minIdle、maxActive -->
        <property name="initialSize" value="10"/>
        <property name="minIdle" value="10"/>
        <property name="maxActive" value="50"/>

        <!-- 配置获取连接等待超时的时间 -->
        <property name="maxWait" value="60000"/>
        <!-- 配置间隔多久才进行一次检测，检测需要关闭的空闲连接，单位是毫秒 -->
        <property name="timeBetweenEvictionRunsMillis" value="60000"/>
        <!-- 配置一个连接在池中最小生存的时间，单位是毫秒 -->
        <property name="minEvictableIdleTimeMillis" value="300000"></property>

        <property name="validationQuery" value="SELECT 'x'"/>
        <property name="testWhileIdle" value="true"/>
        <property name="testOnBorrow" value="false"/>
        <property name="testOnReturn" value="false"/>

        <!-- 打开PSCache，并且指定每个连接上PSCache的大小 -->
        <property name="poolPreparedStatements" value="true"/>
        <property name="maxPoolPreparedStatementPerConnectionSize" value="20"/>

        <!-- 解密密码必须要配置的项 -->
        <property name="filters" value="stat,wall,log4j"/>
        <!-- 	<property name="connectionProperties" value="config.decrypt=true" /> -->
    </bean>

    <bean id="sqlSessionFactory" class="org.mybatis.spring.SqlSessionFactoryBean">
        <property name="dataSource" ref="dataSource"/>
        <property name="mapperLocations">
            <value>classpath:mapper/*.xml</value>
        </property>
        <property name="typeAliasesPackage"
                  value="com.zyx.entity.live,com.zyx.entity.shop,com.zyx.entity.pg,com.zyx.entity.activity,com.zyx.entity.coin"/>
        <property name="plugins">
            <bean class="com.github.pagehelper.PageHelper">
                <!-- 这里的几个配置主要演示如何使用，如果不理解，一定要去掉下面的配置 -->
                <!--<property name="properties">-->
                <!--<value>-->
                <!--dialect=mysql-->
                <!--reasonable=true-->
                <!--</value>-->
                <!--</property>-->
            </bean>
        </property>
    </bean>

    <bean class="tk.mybatis.spring.mapper.MapperScannerConfigurer">
        <property name="basePackage" value="com.zyx.mapper"/>
        <!-- 3.2.2版本新特性，markerInterface可以起到mappers配置的作用，详细情况需要看Marker接口类 -->
        <property name="markerInterface" value="com.zyx.mapper.BaseMapper"/>
        <!-- 通用Mapper通过属性注入进行配置，默认不配置时会注册Mapper<T>接口
        <property name="properties">
            <value>
                mappers=tk.mybatis.mapper.common.Mapper
            </value>
        </property>
        -->
    </bean>

    <bean id="sqlSession" class="org.mybatis.spring.SqlSessionTemplate" scope="prototype">
        <constructor-arg index="0" ref="sqlSessionFactory"/>
    </bean>

    <aop:aspectj-autoproxy/>

    <aop:config>
        <aop:pointcut id="appService" expression="execution(* com.zyx.service..*Service*.*(..))"/>
        <aop:advisor advice-ref="txAdvice" pointcut-ref="appService"/>
    </aop:config>

    <tx:advice id="txAdvice" transaction-manager="transactionManager">
        <tx:attributes>
            <tx:method name="select*" read-only="true"/>
            <tx:method name="find*" read-only="true"/>
            <tx:method name="get*" read-only="true"/>
            <tx:method name="*" propagation="REQUIRED" rollback-for="java.lang.RuntimeException"/>
        </tx:attributes>
    </tx:advice>

    <bean id="transactionManager" class="org.springframework.jdbc.datasource.DataSourceTransactionManager">
        <property name="dataSource" ref="dataSource"/>
    </bean>

    <tx:annotation-driven transaction-manager="transactionManager" proxy-target-class="true"/>

    <bean id="poolConfig" class="redis.clients.jedis.JedisPoolConfig">
        <property name="maxIdle" value="${redis.maxIdle}"/>
        <property name="maxWaitMillis" value="${redis.maxWaitMillis}"/>
        <property name="testOnBorrow" value="${redis.testOnBorrow}"/>
    </bean>

    <bean id="connectionFactory" class="org.springframework.data.redis.connection.jedis.JedisConnectionFactory"
          p:hostName="${redis.host}" p:port="${redis.port}" p:poolConfig-ref="poolConfig"/>

    <bean id="stringRedisTemplate" class="org.springframework.data.redis.core.StringRedisTemplate">
        <property name="connectionFactory" ref="connectionFactory"/>
    </bean>

    <bean id="stringRedisSerializer" class="org.springframework.data.redis.serializer.StringRedisSerializer"></bean>

    <bean id="jdkSerializationRedisSerializer"
          class="org.springframework.data.redis.serializer.JdkSerializationRedisSerializer"></bean>

    <bean id="redisTemplate" class="org.springframework.data.redis.core.RedisTemplate">
        <property name="connectionFactory" ref="connectionFactory"/>
        <!-- 新增 -->
        <property name="keySerializer" ref="stringRedisSerializer"/>
        <property name="hashKeySerializer" ref="stringRedisSerializer"/>
        <property name="valueSerializer" ref="jdkSerializationRedisSerializer"/>
        <property name="hashValueSerializer" ref="jdkSerializationRedisSerializer"/>
    </bean>
</beans>